{"sheet_name": "U2_4V", "peaks": [19.0, 36.0, 54.4, 70.0], "errors": [1.0, 1.0, 0.5, 1.0], "slope": 17.29473684210526, "slope_error": 0.5157894736842098}
{"sheet_name": "U2_7V", "peaks": [22.0, 38.3, 55.8, 73.5], "errors": [1.0, 0.5, 0.5, 0.5], "slope": 17.389473684210525, "slope_error": 0.22170955020869104}
{"sheet_name": "U2_9V", "peaks": [22.6, 39.5, 56.7, 74.0, 90.5], "errors": [0.6, 0.3, 0.3, 0.2, 0.2], "slope": 17.00272727275161, "slope_error": 0.09908674040069451}
{"sheet_name": "U2_9V_U3_2V", "peaks": [39.8, 57.3, 75.8, 94.2], "errors": [0.8, 0.7, 1.8, 1.4], "slope": 18.093616127742337, "slope_error": 0.5063934267976788}
{"sheet_name": "U2_9V_U3_3.5V", "peaks": [22.4, 39.3, 56.4, 73.5], "errors": [0.5, 0.3, 0.2, 0.3], "slope": 17.060104303331862, "slope_error": 0.1644595240609049}
{"sheet_name": "U2_9V_U3_4V", "peaks": [21.9, 38.8, 56.0, 72.9], "errors": [0.3, 0.2, 0.2, 0.2], "slope": 17.028181817703526, "slope_error": 0.10617310088059556}
{"sheet_name": "U2_9V_U3_5V", "peaks": [21.0, 38.0, 55.0], "errors": [0.3, 0.2, 0.1], "slope": 17.0, "slope_error": 0.13728129459702823}
{"sheet_name": "U2_10V", "peaks": [23.4, 40.2, 57.5, 74.7, 93.0], "errors": [0.5, 0.3, 0.2, 0.4, 0.2], "slope": 17.545101553526838, "slope_error": 0.09364515275254236}
{"sheet_name": "U2_10V_U3_3.1V", "peaks": [40.2, 57.4, 74.7, 92.9], "errors": [0.4, 0.3, 0.3, 0.2], "slope": 17.638098050106226, "slope_error": 0.12795820225586907}
{"sheet_name": "U2_12V", "peaks": [41.5, 58.4, 76.6, 94.6], "errors": [0.5, 1.0, 1.0, 0.2], "slope": 17.740535372885464, "slope_error": 0.17215316482848061}
