{"sheet_name": "1-160", "peaks": [13.3, 18.1, 23.0, 28.3, 33.5, 38.8, 44.1, 49.4], "errors": [0.3, 0.4, 0.5, 0.5, 0.4, 0.5, 0.4, 0.5], "slope": 5.153729908057519, "slope_error": 0.060691405305450925}
{"sheet_name": "1-175", "peaks": [23.3, 28.0, 32.8, 37.7, 42.7, 47.7, 52.8, 57.9], "errors": [1.0, 0.5, 0.5, 0.5, 0.5, 0.5, 1.0, 0.6], "slope": 4.965542468621732, "slope_error": 0.10129373864011619}
{"sheet_name": "1-190", "peaks": [23.0, 27.9, 32.9, 37.9, 42.6, 47.5, 52.7, 57.6], "errors": [0.6, 0.6, 0.7, 0.7, 0.6, 0.7, 0.8, 0.7], "slope": 4.93469571236459, "slope_error": 0.10258858609316442}
{"sheet_name": "1-200", "peaks": [23.7, 28.3, 32.2, 37.8, 42.7, 47.8, 52.6, 57.5], "errors": [1.0, 1.0, 0.8, 0.6, 0.8, 0.8, 0.9, 0.9], "slope": 4.8899201410374715, "slope_error": 0.14227438620362132}
{"sheet_name": "2-150", "peaks": [8.6, 13.2, 18.1, 23.2, 28.4, 33.7, 39.0, 44.3], "errors": [0.3, 0.4, 0.3, 0.3, 0.4, 0.5, 0.5, 0.5], "slope": 5.093593644272187, "slope_error": 0.0626682164915358}
{"sheet_name": "2-160", "peaks": [13.2, 18.0, 22.9, 28.1, 33.3, 38.5, 43.8], "errors": [0.5, 0.5, 0.5, 0.5, 0.6, 0.5, 0.5], "slope": 5.1151101789420865, "slope_error": 0.09503488532532654}
{"sheet_name": "2-175", "peaks": [13.4, 18.0, 22.8, 27.8, 32.9, 37.9, 43.0, 48.2, 53.5, 58.6], "errors": [0.8, 0.6, 0.5, 0.6, 0.5, 0.6, 0.5, 0.5, 0.6, 0.6], "slope": 5.062864542004393, "slope_error": 0.06719629070255637}
